"tripmode","tourmode","purpose","value","grp_var"
"1","Auto SOV","work",165795,"worktourmode1"
"2","Auto SOV","work",0,"worktourmode1"
"3","Auto SOV","work",0,"worktourmode1"
"4","Auto SOV","work",0,"worktourmode1"
"5","Auto SOV","work",0,"worktourmode1"
"6","Auto SOV","work",0,"worktourmode1"
"7","Auto SOV","work",0,"worktourmode1"
"8","Auto SOV","work",0,"worktourmode1"
"9","Auto SOV","work",0,"worktourmode1"
"1","Auto 2 Person","work",12999,"worktourmode2"
"2","Auto 2 Person","work",21820,"worktourmode2"
"3","Auto 2 Person","work",3377,"worktourmode2"
"4","Auto 2 Person","work",157,"worktourmode2"
"5","Auto 2 Person","work",0,"worktourmode2"
"6","Auto 2 Person","work",0,"worktourmode2"
"7","Auto 2 Person","work",0,"worktourmode2"
"8","Auto 2 Person","work",0,"worktourmode2"
"9","Auto 2 Person","work",0,"worktourmode2"
"1","Auto 3+ Person","work",3861,"worktourmode3"
"2","Auto 3+ Person","work",2624,"worktourmode3"
"3","Auto 3+ Person","work",9660,"worktourmode3"
"4","Auto 3+ Person","work",14,"worktourmode3"
"5","Auto 3+ Person","work",0,"worktourmode3"
"6","Auto 3+ Person","work",0,"worktourmode3"
"7","Auto 3+ Person","work",0,"worktourmode3"
"8","Auto 3+ Person","work",0,"worktourmode3"
"9","Auto 3+ Person","work",0,"worktourmode3"
"1","Walk","work",0,"worktourmode4"
"2","Walk","work",0,"worktourmode4"
"3","Walk","work",0,"worktourmode4"
"4","Walk","work",4332,"worktourmode4"
"5","Walk","work",0,"worktourmode4"
"6","Walk","work",0,"worktourmode4"
"7","Walk","work",0,"worktourmode4"
"8","Walk","work",0,"worktourmode4"
"9","Walk","work",0,"worktourmode4"
"1","Bike/Moped","work",0,"worktourmode5"
"2","Bike/Moped","work",0,"worktourmode5"
"3","Bike/Moped","work",0,"worktourmode5"
"4","Bike/Moped","work",0,"worktourmode5"
"5","Bike/Moped","work",6779,"worktourmode5"
"6","Bike/Moped","work",0,"worktourmode5"
"7","Bike/Moped","work",0,"worktourmode5"
"8","Bike/Moped","work",0,"worktourmode5"
"9","Bike/Moped","work",0,"worktourmode5"
"1","Walk-Transit","work",0,"worktourmode6"
"2","Walk-Transit","work",73,"worktourmode6"
"3","Walk-Transit","work",1,"worktourmode6"
"4","Walk-Transit","work",94,"worktourmode6"
"5","Walk-Transit","work",0,"worktourmode6"
"6","Walk-Transit","work",531,"worktourmode6"
"7","Walk-Transit","work",0,"worktourmode6"
"8","Walk-Transit","work",0,"worktourmode6"
"9","Walk-Transit","work",0,"worktourmode6"
"1","PNR-Transit","work",0,"worktourmode7"
"2","PNR-Transit","work",0,"worktourmode7"
"3","PNR-Transit","work",0,"worktourmode7"
"4","PNR-Transit","work",0,"worktourmode7"
"5","PNR-Transit","work",0,"worktourmode7"
"6","PNR-Transit","work",0,"worktourmode7"
"7","PNR-Transit","work",0,"worktourmode7"
"8","PNR-Transit","work",0,"worktourmode7"
"9","PNR-Transit","work",0,"worktourmode7"
"1","KNR-Transit","work",0,"worktourmode8"
"2","KNR-Transit","work",0,"worktourmode8"
"3","KNR-Transit","work",0,"worktourmode8"
"4","KNR-Transit","work",0,"worktourmode8"
"5","KNR-Transit","work",0,"worktourmode8"
"6","KNR-Transit","work",0,"worktourmode8"
"7","KNR-Transit","work",0,"worktourmode8"
"8","KNR-Transit","work",0,"worktourmode8"
"9","KNR-Transit","work",0,"worktourmode8"
"1","School Bus","work",0,"worktourmode9"
"2","School Bus","work",0,"worktourmode9"
"3","School Bus","work",0,"worktourmode9"
"4","School Bus","work",0,"worktourmode9"
"5","School Bus","work",0,"worktourmode9"
"6","School Bus","work",0,"worktourmode9"
"7","School Bus","work",0,"worktourmode9"
"8","School Bus","work",0,"worktourmode9"
"9","School Bus","work",0,"worktourmode9"
"1","Total","work",182655,"workTotal"
"2","Total","work",24517,"workTotal"
"3","Total","work",13038,"workTotal"
"4","Total","work",4597,"workTotal"
"5","Total","work",6779,"workTotal"
"6","Total","work",531,"workTotal"
"7","Total","work",0,"workTotal"
"8","Total","work",0,"workTotal"
"9","Total","work",0,"workTotal"
"1","Auto SOV","univ",9894,"univtourmode1"
"2","Auto SOV","univ",0,"univtourmode1"
"3","Auto SOV","univ",0,"univtourmode1"
"4","Auto SOV","univ",0,"univtourmode1"
"5","Auto SOV","univ",0,"univtourmode1"
"6","Auto SOV","univ",0,"univtourmode1"
"7","Auto SOV","univ",0,"univtourmode1"
"8","Auto SOV","univ",0,"univtourmode1"
"9","Auto SOV","univ",0,"univtourmode1"
"1","Auto 2 Person","univ",583,"univtourmode2"
"2","Auto 2 Person","univ",2176,"univtourmode2"
"3","Auto 2 Person","univ",226,"univtourmode2"
"4","Auto 2 Person","univ",67,"univtourmode2"
"5","Auto 2 Person","univ",0,"univtourmode2"
"6","Auto 2 Person","univ",0,"univtourmode2"
"7","Auto 2 Person","univ",0,"univtourmode2"
"8","Auto 2 Person","univ",0,"univtourmode2"
"9","Auto 2 Person","univ",0,"univtourmode2"
"1","Auto 3+ Person","univ",224,"univtourmode3"
"2","Auto 3+ Person","univ",161,"univtourmode3"
"3","Auto 3+ Person","univ",1835,"univtourmode3"
"4","Auto 3+ Person","univ",52,"univtourmode3"
"5","Auto 3+ Person","univ",0,"univtourmode3"
"6","Auto 3+ Person","univ",0,"univtourmode3"
"7","Auto 3+ Person","univ",0,"univtourmode3"
"8","Auto 3+ Person","univ",0,"univtourmode3"
"9","Auto 3+ Person","univ",0,"univtourmode3"
"1","Walk","univ",0,"univtourmode4"
"2","Walk","univ",0,"univtourmode4"
"3","Walk","univ",0,"univtourmode4"
"4","Walk","univ",1281,"univtourmode4"
"5","Walk","univ",0,"univtourmode4"
"6","Walk","univ",0,"univtourmode4"
"7","Walk","univ",0,"univtourmode4"
"8","Walk","univ",0,"univtourmode4"
"9","Walk","univ",0,"univtourmode4"
"1","Bike/Moped","univ",0,"univtourmode5"
"2","Bike/Moped","univ",0,"univtourmode5"
"3","Bike/Moped","univ",0,"univtourmode5"
"4","Bike/Moped","univ",0,"univtourmode5"
"5","Bike/Moped","univ",275,"univtourmode5"
"6","Bike/Moped","univ",0,"univtourmode5"
"7","Bike/Moped","univ",0,"univtourmode5"
"8","Bike/Moped","univ",0,"univtourmode5"
"9","Bike/Moped","univ",0,"univtourmode5"
"1","Walk-Transit","univ",0,"univtourmode6"
"2","Walk-Transit","univ",6,"univtourmode6"
"3","Walk-Transit","univ",2,"univtourmode6"
"4","Walk-Transit","univ",25,"univtourmode6"
"5","Walk-Transit","univ",0,"univtourmode6"
"6","Walk-Transit","univ",156,"univtourmode6"
"7","Walk-Transit","univ",0,"univtourmode6"
"8","Walk-Transit","univ",0,"univtourmode6"
"9","Walk-Transit","univ",0,"univtourmode6"
"1","PNR-Transit","univ",0,"univtourmode7"
"2","PNR-Transit","univ",0,"univtourmode7"
"3","PNR-Transit","univ",0,"univtourmode7"
"4","PNR-Transit","univ",0,"univtourmode7"
"5","PNR-Transit","univ",0,"univtourmode7"
"6","PNR-Transit","univ",0,"univtourmode7"
"7","PNR-Transit","univ",0,"univtourmode7"
"8","PNR-Transit","univ",0,"univtourmode7"
"9","PNR-Transit","univ",0,"univtourmode7"
"1","KNR-Transit","univ",0,"univtourmode8"
"2","KNR-Transit","univ",0,"univtourmode8"
"3","KNR-Transit","univ",3,"univtourmode8"
"4","KNR-Transit","univ",0,"univtourmode8"
"5","KNR-Transit","univ",0,"univtourmode8"
"6","KNR-Transit","univ",0,"univtourmode8"
"7","KNR-Transit","univ",0,"univtourmode8"
"8","KNR-Transit","univ",0,"univtourmode8"
"9","KNR-Transit","univ",0,"univtourmode8"
"1","School Bus","univ",0,"univtourmode9"
"2","School Bus","univ",0,"univtourmode9"
"3","School Bus","univ",0,"univtourmode9"
"4","School Bus","univ",0,"univtourmode9"
"5","School Bus","univ",0,"univtourmode9"
"6","School Bus","univ",0,"univtourmode9"
"7","School Bus","univ",0,"univtourmode9"
"8","School Bus","univ",0,"univtourmode9"
"9","School Bus","univ",0,"univtourmode9"
"1","Total","univ",10701,"univTotal"
"2","Total","univ",2343,"univTotal"
"3","Total","univ",2066,"univTotal"
"4","Total","univ",1425,"univTotal"
"5","Total","univ",275,"univTotal"
"6","Total","univ",156,"univTotal"
"7","Total","univ",0,"univTotal"
"8","Total","univ",0,"univTotal"
"9","Total","univ",0,"univTotal"
"1","Auto SOV","schl",3678,"schltourmode1"
"2","Auto SOV","schl",0,"schltourmode1"
"3","Auto SOV","schl",0,"schltourmode1"
"4","Auto SOV","schl",0,"schltourmode1"
"5","Auto SOV","schl",0,"schltourmode1"
"6","Auto SOV","schl",0,"schltourmode1"
"7","Auto SOV","schl",0,"schltourmode1"
"8","Auto SOV","schl",0,"schltourmode1"
"9","Auto SOV","schl",0,"schltourmode1"
"1","Auto 2 Person","schl",0,"schltourmode2"
"2","Auto 2 Person","schl",20417,"schltourmode2"
"3","Auto 2 Person","schl",0,"schltourmode2"
"4","Auto 2 Person","schl",656,"schltourmode2"
"5","Auto 2 Person","schl",0,"schltourmode2"
"6","Auto 2 Person","schl",0,"schltourmode2"
"7","Auto 2 Person","schl",0,"schltourmode2"
"8","Auto 2 Person","schl",0,"schltourmode2"
"9","Auto 2 Person","schl",0,"schltourmode2"
"1","Auto 3+ Person","schl",0,"schltourmode3"
"2","Auto 3+ Person","schl",10520,"schltourmode3"
"3","Auto 3+ Person","schl",22119,"schltourmode3"
"4","Auto 3+ Person","schl",899,"schltourmode3"
"5","Auto 3+ Person","schl",0,"schltourmode3"
"6","Auto 3+ Person","schl",0,"schltourmode3"
"7","Auto 3+ Person","schl",0,"schltourmode3"
"8","Auto 3+ Person","schl",0,"schltourmode3"
"9","Auto 3+ Person","schl",0,"schltourmode3"
"1","Walk","schl",0,"schltourmode4"
"2","Walk","schl",1568,"schltourmode4"
"3","Walk","schl",485,"schltourmode4"
"4","Walk","schl",5321,"schltourmode4"
"5","Walk","schl",0,"schltourmode4"
"6","Walk","schl",0,"schltourmode4"
"7","Walk","schl",0,"schltourmode4"
"8","Walk","schl",0,"schltourmode4"
"9","Walk","schl",0,"schltourmode4"
"1","Bike/Moped","schl",0,"schltourmode5"
"2","Bike/Moped","schl",589,"schltourmode5"
"3","Bike/Moped","schl",164,"schltourmode5"
"4","Bike/Moped","schl",0,"schltourmode5"
"5","Bike/Moped","schl",2177,"schltourmode5"
"6","Bike/Moped","schl",0,"schltourmode5"
"7","Bike/Moped","schl",0,"schltourmode5"
"8","Bike/Moped","schl",0,"schltourmode5"
"9","Bike/Moped","schl",0,"schltourmode5"
"1","Walk-Transit","schl",0,"schltourmode6"
"2","Walk-Transit","schl",15,"schltourmode6"
"3","Walk-Transit","schl",3,"schltourmode6"
"4","Walk-Transit","schl",2,"schltourmode6"
"5","Walk-Transit","schl",0,"schltourmode6"
"6","Walk-Transit","schl",23,"schltourmode6"
"7","Walk-Transit","schl",0,"schltourmode6"
"8","Walk-Transit","schl",0,"schltourmode6"
"9","Walk-Transit","schl",0,"schltourmode6"
"1","PNR-Transit","schl",0,"schltourmode7"
"2","PNR-Transit","schl",0,"schltourmode7"
"3","PNR-Transit","schl",0,"schltourmode7"
"4","PNR-Transit","schl",0,"schltourmode7"
"5","PNR-Transit","schl",0,"schltourmode7"
"6","PNR-Transit","schl",0,"schltourmode7"
"7","PNR-Transit","schl",0,"schltourmode7"
"8","PNR-Transit","schl",0,"schltourmode7"
"9","PNR-Transit","schl",0,"schltourmode7"
"1","KNR-Transit","schl",0,"schltourmode8"
"2","KNR-Transit","schl",0,"schltourmode8"
"3","KNR-Transit","schl",0,"schltourmode8"
"4","KNR-Transit","schl",0,"schltourmode8"
"5","KNR-Transit","schl",0,"schltourmode8"
"6","KNR-Transit","schl",0,"schltourmode8"
"7","KNR-Transit","schl",0,"schltourmode8"
"8","KNR-Transit","schl",0,"schltourmode8"
"9","KNR-Transit","schl",0,"schltourmode8"
"1","School Bus","schl",0,"schltourmode9"
"2","School Bus","schl",8017,"schltourmode9"
"3","School Bus","schl",3053,"schltourmode9"
"4","School Bus","schl",0,"schltourmode9"
"5","School Bus","schl",0,"schltourmode9"
"6","School Bus","schl",0,"schltourmode9"
"7","School Bus","schl",0,"schltourmode9"
"8","School Bus","schl",0,"schltourmode9"
"9","School Bus","schl",29551,"schltourmode9"
"1","Total","schl",3678,"schlTotal"
"2","Total","schl",41126,"schlTotal"
"3","Total","schl",25824,"schlTotal"
"4","Total","schl",6878,"schlTotal"
"5","Total","schl",2177,"schlTotal"
"6","Total","schl",23,"schlTotal"
"7","Total","schl",0,"schlTotal"
"8","Total","schl",0,"schlTotal"
"9","Total","schl",29551,"schlTotal"
"1","Auto SOV","imain",134155,"imaintourmode1"
"2","Auto SOV","imain",0,"imaintourmode1"
"3","Auto SOV","imain",0,"imaintourmode1"
"4","Auto SOV","imain",0,"imaintourmode1"
"5","Auto SOV","imain",0,"imaintourmode1"
"6","Auto SOV","imain",0,"imaintourmode1"
"7","Auto SOV","imain",0,"imaintourmode1"
"8","Auto SOV","imain",0,"imaintourmode1"
"9","Auto SOV","imain",0,"imaintourmode1"
"1","Auto 2 Person","imain",6504,"imaintourmode2"
"2","Auto 2 Person","imain",21307,"imaintourmode2"
"3","Auto 2 Person","imain",0,"imaintourmode2"
"4","Auto 2 Person","imain",404,"imaintourmode2"
"5","Auto 2 Person","imain",0,"imaintourmode2"
"6","Auto 2 Person","imain",0,"imaintourmode2"
"7","Auto 2 Person","imain",0,"imaintourmode2"
"8","Auto 2 Person","imain",0,"imaintourmode2"
"9","Auto 2 Person","imain",0,"imaintourmode2"
"1","Auto 3+ Person","imain",1426,"imaintourmode3"
"2","Auto 3+ Person","imain",2378,"imaintourmode3"
"3","Auto 3+ Person","imain",9760,"imaintourmode3"
"4","Auto 3+ Person","imain",160,"imaintourmode3"
"5","Auto 3+ Person","imain",0,"imaintourmode3"
"6","Auto 3+ Person","imain",0,"imaintourmode3"
"7","Auto 3+ Person","imain",0,"imaintourmode3"
"8","Auto 3+ Person","imain",0,"imaintourmode3"
"9","Auto 3+ Person","imain",0,"imaintourmode3"
"1","Walk","imain",0,"imaintourmode4"
"2","Walk","imain",0,"imaintourmode4"
"3","Walk","imain",0,"imaintourmode4"
"4","Walk","imain",12530,"imaintourmode4"
"5","Walk","imain",0,"imaintourmode4"
"6","Walk","imain",0,"imaintourmode4"
"7","Walk","imain",0,"imaintourmode4"
"8","Walk","imain",0,"imaintourmode4"
"9","Walk","imain",0,"imaintourmode4"
"1","Bike/Moped","imain",0,"imaintourmode5"
"2","Bike/Moped","imain",0,"imaintourmode5"
"3","Bike/Moped","imain",0,"imaintourmode5"
"4","Bike/Moped","imain",0,"imaintourmode5"
"5","Bike/Moped","imain",1562,"imaintourmode5"
"6","Bike/Moped","imain",0,"imaintourmode5"
"7","Bike/Moped","imain",0,"imaintourmode5"
"8","Bike/Moped","imain",0,"imaintourmode5"
"9","Bike/Moped","imain",0,"imaintourmode5"
"1","Walk-Transit","imain",0,"imaintourmode6"
"2","Walk-Transit","imain",1,"imaintourmode6"
"3","Walk-Transit","imain",3,"imaintourmode6"
"4","Walk-Transit","imain",129,"imaintourmode6"
"5","Walk-Transit","imain",0,"imaintourmode6"
"6","Walk-Transit","imain",100,"imaintourmode6"
"7","Walk-Transit","imain",0,"imaintourmode6"
"8","Walk-Transit","imain",0,"imaintourmode6"
"9","Walk-Transit","imain",0,"imaintourmode6"
"1","PNR-Transit","imain",0,"imaintourmode7"
"2","PNR-Transit","imain",0,"imaintourmode7"
"3","PNR-Transit","imain",0,"imaintourmode7"
"4","PNR-Transit","imain",0,"imaintourmode7"
"5","PNR-Transit","imain",0,"imaintourmode7"
"6","PNR-Transit","imain",0,"imaintourmode7"
"7","PNR-Transit","imain",2,"imaintourmode7"
"8","PNR-Transit","imain",0,"imaintourmode7"
"9","PNR-Transit","imain",0,"imaintourmode7"
"1","KNR-Transit","imain",0,"imaintourmode8"
"2","KNR-Transit","imain",1,"imaintourmode8"
"3","KNR-Transit","imain",2,"imaintourmode8"
"4","KNR-Transit","imain",0,"imaintourmode8"
"5","KNR-Transit","imain",0,"imaintourmode8"
"6","KNR-Transit","imain",0,"imaintourmode8"
"7","KNR-Transit","imain",0,"imaintourmode8"
"8","KNR-Transit","imain",0,"imaintourmode8"
"9","KNR-Transit","imain",0,"imaintourmode8"
"1","School Bus","imain",0,"imaintourmode9"
"2","School Bus","imain",0,"imaintourmode9"
"3","School Bus","imain",0,"imaintourmode9"
"4","School Bus","imain",0,"imaintourmode9"
"5","School Bus","imain",0,"imaintourmode9"
"6","School Bus","imain",0,"imaintourmode9"
"7","School Bus","imain",0,"imaintourmode9"
"8","School Bus","imain",0,"imaintourmode9"
"9","School Bus","imain",0,"imaintourmode9"
"1","Total","imain",142085,"imainTotal"
"2","Total","imain",23687,"imainTotal"
"3","Total","imain",9765,"imainTotal"
"4","Total","imain",13223,"imainTotal"
"5","Total","imain",1562,"imainTotal"
"6","Total","imain",100,"imainTotal"
"7","Total","imain",2,"imainTotal"
"8","Total","imain",0,"imainTotal"
"9","Total","imain",0,"imainTotal"
"1","Auto SOV","idisc",41888,"idisctourmode1"
"2","Auto SOV","idisc",0,"idisctourmode1"
"3","Auto SOV","idisc",0,"idisctourmode1"
"4","Auto SOV","idisc",0,"idisctourmode1"
"5","Auto SOV","idisc",0,"idisctourmode1"
"6","Auto SOV","idisc",0,"idisctourmode1"
"7","Auto SOV","idisc",0,"idisctourmode1"
"8","Auto SOV","idisc",0,"idisctourmode1"
"9","Auto SOV","idisc",0,"idisctourmode1"
"1","Auto 2 Person","idisc",805,"idisctourmode2"
"2","Auto 2 Person","idisc",12697,"idisctourmode2"
"3","Auto 2 Person","idisc",0,"idisctourmode2"
"4","Auto 2 Person","idisc",545,"idisctourmode2"
"5","Auto 2 Person","idisc",0,"idisctourmode2"
"6","Auto 2 Person","idisc",0,"idisctourmode2"
"7","Auto 2 Person","idisc",0,"idisctourmode2"
"8","Auto 2 Person","idisc",0,"idisctourmode2"
"9","Auto 2 Person","idisc",0,"idisctourmode2"
"1","Auto 3+ Person","idisc",160,"idisctourmode3"
"2","Auto 3+ Person","idisc",1267,"idisctourmode3"
"3","Auto 3+ Person","idisc",15070,"idisctourmode3"
"4","Auto 3+ Person","idisc",454,"idisctourmode3"
"5","Auto 3+ Person","idisc",0,"idisctourmode3"
"6","Auto 3+ Person","idisc",0,"idisctourmode3"
"7","Auto 3+ Person","idisc",0,"idisctourmode3"
"8","Auto 3+ Person","idisc",0,"idisctourmode3"
"9","Auto 3+ Person","idisc",0,"idisctourmode3"
"1","Walk","idisc",0,"idisctourmode4"
"2","Walk","idisc",0,"idisctourmode4"
"3","Walk","idisc",0,"idisctourmode4"
"4","Walk","idisc",6423,"idisctourmode4"
"5","Walk","idisc",0,"idisctourmode4"
"6","Walk","idisc",0,"idisctourmode4"
"7","Walk","idisc",0,"idisctourmode4"
"8","Walk","idisc",0,"idisctourmode4"
"9","Walk","idisc",0,"idisctourmode4"
"1","Bike/Moped","idisc",0,"idisctourmode5"
"2","Bike/Moped","idisc",0,"idisctourmode5"
"3","Bike/Moped","idisc",0,"idisctourmode5"
"4","Bike/Moped","idisc",0,"idisctourmode5"
"5","Bike/Moped","idisc",1350,"idisctourmode5"
"6","Bike/Moped","idisc",0,"idisctourmode5"
"7","Bike/Moped","idisc",0,"idisctourmode5"
"8","Bike/Moped","idisc",0,"idisctourmode5"
"9","Bike/Moped","idisc",0,"idisctourmode5"
"1","Walk-Transit","idisc",0,"idisctourmode6"
"2","Walk-Transit","idisc",0,"idisctourmode6"
"3","Walk-Transit","idisc",0,"idisctourmode6"
"4","Walk-Transit","idisc",40,"idisctourmode6"
"5","Walk-Transit","idisc",0,"idisctourmode6"
"6","Walk-Transit","idisc",117,"idisctourmode6"
"7","Walk-Transit","idisc",0,"idisctourmode6"
"8","Walk-Transit","idisc",0,"idisctourmode6"
"9","Walk-Transit","idisc",0,"idisctourmode6"
"1","PNR-Transit","idisc",0,"idisctourmode7"
"2","PNR-Transit","idisc",0,"idisctourmode7"
"3","PNR-Transit","idisc",0,"idisctourmode7"
"4","PNR-Transit","idisc",0,"idisctourmode7"
"5","PNR-Transit","idisc",0,"idisctourmode7"
"6","PNR-Transit","idisc",0,"idisctourmode7"
"7","PNR-Transit","idisc",0,"idisctourmode7"
"8","PNR-Transit","idisc",0,"idisctourmode7"
"9","PNR-Transit","idisc",0,"idisctourmode7"
"1","KNR-Transit","idisc",0,"idisctourmode8"
"2","KNR-Transit","idisc",0,"idisctourmode8"
"3","KNR-Transit","idisc",0,"idisctourmode8"
"4","KNR-Transit","idisc",0,"idisctourmode8"
"5","KNR-Transit","idisc",0,"idisctourmode8"
"6","KNR-Transit","idisc",0,"idisctourmode8"
"7","KNR-Transit","idisc",0,"idisctourmode8"
"8","KNR-Transit","idisc",0,"idisctourmode8"
"9","KNR-Transit","idisc",0,"idisctourmode8"
"1","School Bus","idisc",0,"idisctourmode9"
"2","School Bus","idisc",0,"idisctourmode9"
"3","School Bus","idisc",0,"idisctourmode9"
"4","School Bus","idisc",0,"idisctourmode9"
"5","School Bus","idisc",0,"idisctourmode9"
"6","School Bus","idisc",0,"idisctourmode9"
"7","School Bus","idisc",0,"idisctourmode9"
"8","School Bus","idisc",0,"idisctourmode9"
"9","School Bus","idisc",0,"idisctourmode9"
"1","Total","idisc",42853,"idiscTotal"
"2","Total","idisc",13964,"idiscTotal"
"3","Total","idisc",15070,"idiscTotal"
"4","Total","idisc",7462,"idiscTotal"
"5","Total","idisc",1350,"idiscTotal"
"6","Total","idisc",117,"idiscTotal"
"7","Total","idisc",0,"idiscTotal"
"8","Total","idisc",0,"idiscTotal"
"9","Total","idisc",0,"idiscTotal"
"1","Auto SOV","jmain",0,"jmaintourmode1"
"2","Auto SOV","jmain",0,"jmaintourmode1"
"3","Auto SOV","jmain",0,"jmaintourmode1"
"4","Auto SOV","jmain",0,"jmaintourmode1"
"5","Auto SOV","jmain",0,"jmaintourmode1"
"6","Auto SOV","jmain",0,"jmaintourmode1"
"7","Auto SOV","jmain",0,"jmaintourmode1"
"8","Auto SOV","jmain",0,"jmaintourmode1"
"9","Auto SOV","jmain",0,"jmaintourmode1"
"1","Auto 2 Person","jmain",0,"jmaintourmode2"
"2","Auto 2 Person","jmain",27065,"jmaintourmode2"
"3","Auto 2 Person","jmain",0,"jmaintourmode2"
"4","Auto 2 Person","jmain",75,"jmaintourmode2"
"5","Auto 2 Person","jmain",0,"jmaintourmode2"
"6","Auto 2 Person","jmain",0,"jmaintourmode2"
"7","Auto 2 Person","jmain",0,"jmaintourmode2"
"8","Auto 2 Person","jmain",0,"jmaintourmode2"
"9","Auto 2 Person","jmain",0,"jmaintourmode2"
"1","Auto 3+ Person","jmain",0,"jmaintourmode3"
"2","Auto 3+ Person","jmain",1122,"jmaintourmode3"
"3","Auto 3+ Person","jmain",5243,"jmaintourmode3"
"4","Auto 3+ Person","jmain",17,"jmaintourmode3"
"5","Auto 3+ Person","jmain",0,"jmaintourmode3"
"6","Auto 3+ Person","jmain",0,"jmaintourmode3"
"7","Auto 3+ Person","jmain",0,"jmaintourmode3"
"8","Auto 3+ Person","jmain",0,"jmaintourmode3"
"9","Auto 3+ Person","jmain",0,"jmaintourmode3"
"1","Walk","jmain",0,"jmaintourmode4"
"2","Walk","jmain",0,"jmaintourmode4"
"3","Walk","jmain",0,"jmaintourmode4"
"4","Walk","jmain",1716,"jmaintourmode4"
"5","Walk","jmain",0,"jmaintourmode4"
"6","Walk","jmain",0,"jmaintourmode4"
"7","Walk","jmain",0,"jmaintourmode4"
"8","Walk","jmain",0,"jmaintourmode4"
"9","Walk","jmain",0,"jmaintourmode4"
"1","Bike/Moped","jmain",0,"jmaintourmode5"
"2","Bike/Moped","jmain",0,"jmaintourmode5"
"3","Bike/Moped","jmain",0,"jmaintourmode5"
"4","Bike/Moped","jmain",0,"jmaintourmode5"
"5","Bike/Moped","jmain",57,"jmaintourmode5"
"6","Bike/Moped","jmain",0,"jmaintourmode5"
"7","Bike/Moped","jmain",0,"jmaintourmode5"
"8","Bike/Moped","jmain",0,"jmaintourmode5"
"9","Bike/Moped","jmain",0,"jmaintourmode5"
"1","Walk-Transit","jmain",0,"jmaintourmode6"
"2","Walk-Transit","jmain",0,"jmaintourmode6"
"3","Walk-Transit","jmain",0,"jmaintourmode6"
"4","Walk-Transit","jmain",0,"jmaintourmode6"
"5","Walk-Transit","jmain",0,"jmaintourmode6"
"6","Walk-Transit","jmain",2,"jmaintourmode6"
"7","Walk-Transit","jmain",0,"jmaintourmode6"
"8","Walk-Transit","jmain",0,"jmaintourmode6"
"9","Walk-Transit","jmain",0,"jmaintourmode6"
"1","PNR-Transit","jmain",0,"jmaintourmode7"
"2","PNR-Transit","jmain",0,"jmaintourmode7"
"3","PNR-Transit","jmain",0,"jmaintourmode7"
"4","PNR-Transit","jmain",0,"jmaintourmode7"
"5","PNR-Transit","jmain",0,"jmaintourmode7"
"6","PNR-Transit","jmain",0,"jmaintourmode7"
"7","PNR-Transit","jmain",0,"jmaintourmode7"
"8","PNR-Transit","jmain",0,"jmaintourmode7"
"9","PNR-Transit","jmain",0,"jmaintourmode7"
"1","KNR-Transit","jmain",0,"jmaintourmode8"
"2","KNR-Transit","jmain",0,"jmaintourmode8"
"3","KNR-Transit","jmain",0,"jmaintourmode8"
"4","KNR-Transit","jmain",0,"jmaintourmode8"
"5","KNR-Transit","jmain",0,"jmaintourmode8"
"6","KNR-Transit","jmain",0,"jmaintourmode8"
"7","KNR-Transit","jmain",0,"jmaintourmode8"
"8","KNR-Transit","jmain",0,"jmaintourmode8"
"9","KNR-Transit","jmain",0,"jmaintourmode8"
"1","School Bus","jmain",0,"jmaintourmode9"
"2","School Bus","jmain",0,"jmaintourmode9"
"3","School Bus","jmain",0,"jmaintourmode9"
"4","School Bus","jmain",0,"jmaintourmode9"
"5","School Bus","jmain",0,"jmaintourmode9"
"6","School Bus","jmain",0,"jmaintourmode9"
"7","School Bus","jmain",0,"jmaintourmode9"
"8","School Bus","jmain",0,"jmaintourmode9"
"9","School Bus","jmain",0,"jmaintourmode9"
"1","Total","jmain",0,"jmainTotal"
"2","Total","jmain",28187,"jmainTotal"
"3","Total","jmain",5243,"jmainTotal"
"4","Total","jmain",1808,"jmainTotal"
"5","Total","jmain",57,"jmainTotal"
"6","Total","jmain",2,"jmainTotal"
"7","Total","jmain",0,"jmainTotal"
"8","Total","jmain",0,"jmainTotal"
"9","Total","jmain",0,"jmainTotal"
"1","Auto SOV","jdisc",0,"jdisctourmode1"
"2","Auto SOV","jdisc",0,"jdisctourmode1"
"3","Auto SOV","jdisc",0,"jdisctourmode1"
"4","Auto SOV","jdisc",0,"jdisctourmode1"
"5","Auto SOV","jdisc",0,"jdisctourmode1"
"6","Auto SOV","jdisc",0,"jdisctourmode1"
"7","Auto SOV","jdisc",0,"jdisctourmode1"
"8","Auto SOV","jdisc",0,"jdisctourmode1"
"9","Auto SOV","jdisc",0,"jdisctourmode1"
"1","Auto 2 Person","jdisc",0,"jdisctourmode2"
"2","Auto 2 Person","jdisc",15501,"jdisctourmode2"
"3","Auto 2 Person","jdisc",0,"jdisctourmode2"
"4","Auto 2 Person","jdisc",579,"jdisctourmode2"
"5","Auto 2 Person","jdisc",0,"jdisctourmode2"
"6","Auto 2 Person","jdisc",0,"jdisctourmode2"
"7","Auto 2 Person","jdisc",0,"jdisctourmode2"
"8","Auto 2 Person","jdisc",0,"jdisctourmode2"
"9","Auto 2 Person","jdisc",0,"jdisctourmode2"
"1","Auto 3+ Person","jdisc",0,"jdisctourmode3"
"2","Auto 3+ Person","jdisc",404,"jdisctourmode3"
"3","Auto 3+ Person","jdisc",6025,"jdisctourmode3"
"4","Auto 3+ Person","jdisc",119,"jdisctourmode3"
"5","Auto 3+ Person","jdisc",0,"jdisctourmode3"
"6","Auto 3+ Person","jdisc",0,"jdisctourmode3"
"7","Auto 3+ Person","jdisc",0,"jdisctourmode3"
"8","Auto 3+ Person","jdisc",0,"jdisctourmode3"
"9","Auto 3+ Person","jdisc",0,"jdisctourmode3"
"1","Walk","jdisc",0,"jdisctourmode4"
"2","Walk","jdisc",0,"jdisctourmode4"
"3","Walk","jdisc",0,"jdisctourmode4"
"4","Walk","jdisc",750,"jdisctourmode4"
"5","Walk","jdisc",0,"jdisctourmode4"
"6","Walk","jdisc",0,"jdisctourmode4"
"7","Walk","jdisc",0,"jdisctourmode4"
"8","Walk","jdisc",0,"jdisctourmode4"
"9","Walk","jdisc",0,"jdisctourmode4"
"1","Bike/Moped","jdisc",0,"jdisctourmode5"
"2","Bike/Moped","jdisc",0,"jdisctourmode5"
"3","Bike/Moped","jdisc",0,"jdisctourmode5"
"4","Bike/Moped","jdisc",0,"jdisctourmode5"
"5","Bike/Moped","jdisc",38,"jdisctourmode5"
"6","Bike/Moped","jdisc",0,"jdisctourmode5"
"7","Bike/Moped","jdisc",0,"jdisctourmode5"
"8","Bike/Moped","jdisc",0,"jdisctourmode5"
"9","Bike/Moped","jdisc",0,"jdisctourmode5"
"1","Walk-Transit","jdisc",0,"jdisctourmode6"
"2","Walk-Transit","jdisc",0,"jdisctourmode6"
"3","Walk-Transit","jdisc",0,"jdisctourmode6"
"4","Walk-Transit","jdisc",9,"jdisctourmode6"
"5","Walk-Transit","jdisc",0,"jdisctourmode6"
"6","Walk-Transit","jdisc",71,"jdisctourmode6"
"7","Walk-Transit","jdisc",0,"jdisctourmode6"
"8","Walk-Transit","jdisc",0,"jdisctourmode6"
"9","Walk-Transit","jdisc",0,"jdisctourmode6"
"1","PNR-Transit","jdisc",0,"jdisctourmode7"
"2","PNR-Transit","jdisc",0,"jdisctourmode7"
"3","PNR-Transit","jdisc",0,"jdisctourmode7"
"4","PNR-Transit","jdisc",0,"jdisctourmode7"
"5","PNR-Transit","jdisc",0,"jdisctourmode7"
"6","PNR-Transit","jdisc",0,"jdisctourmode7"
"7","PNR-Transit","jdisc",0,"jdisctourmode7"
"8","PNR-Transit","jdisc",0,"jdisctourmode7"
"9","PNR-Transit","jdisc",0,"jdisctourmode7"
"1","KNR-Transit","jdisc",0,"jdisctourmode8"
"2","KNR-Transit","jdisc",0,"jdisctourmode8"
"3","KNR-Transit","jdisc",0,"jdisctourmode8"
"4","KNR-Transit","jdisc",0,"jdisctourmode8"
"5","KNR-Transit","jdisc",0,"jdisctourmode8"
"6","KNR-Transit","jdisc",0,"jdisctourmode8"
"7","KNR-Transit","jdisc",0,"jdisctourmode8"
"8","KNR-Transit","jdisc",0,"jdisctourmode8"
"9","KNR-Transit","jdisc",0,"jdisctourmode8"
"1","School Bus","jdisc",0,"jdisctourmode9"
"2","School Bus","jdisc",0,"jdisctourmode9"
"3","School Bus","jdisc",0,"jdisctourmode9"
"4","School Bus","jdisc",0,"jdisctourmode9"
"5","School Bus","jdisc",0,"jdisctourmode9"
"6","School Bus","jdisc",0,"jdisctourmode9"
"7","School Bus","jdisc",0,"jdisctourmode9"
"8","School Bus","jdisc",0,"jdisctourmode9"
"9","School Bus","jdisc",0,"jdisctourmode9"
"1","Total","jdisc",0,"jdiscTotal"
"2","Total","jdisc",15905,"jdiscTotal"
"3","Total","jdisc",6025,"jdiscTotal"
"4","Total","jdisc",1457,"jdiscTotal"
"5","Total","jdisc",38,"jdiscTotal"
"6","Total","jdisc",71,"jdiscTotal"
"7","Total","jdisc",0,"jdiscTotal"
"8","Total","jdisc",0,"jdiscTotal"
"9","Total","jdisc",0,"jdiscTotal"
"1","Auto SOV","atwork",9165,"atworktourmode1"
"2","Auto SOV","atwork",0,"atworktourmode1"
"3","Auto SOV","atwork",0,"atworktourmode1"
"4","Auto SOV","atwork",0,"atworktourmode1"
"5","Auto SOV","atwork",0,"atworktourmode1"
"6","Auto SOV","atwork",0,"atworktourmode1"
"7","Auto SOV","atwork",0,"atworktourmode1"
"8","Auto SOV","atwork",0,"atworktourmode1"
"9","Auto SOV","atwork",0,"atworktourmode1"
"1","Auto 2 Person","atwork",54,"atworktourmode2"
"2","Auto 2 Person","atwork",1773,"atworktourmode2"
"3","Auto 2 Person","atwork",0,"atworktourmode2"
"4","Auto 2 Person","atwork",105,"atworktourmode2"
"5","Auto 2 Person","atwork",0,"atworktourmode2"
"6","Auto 2 Person","atwork",0,"atworktourmode2"
"7","Auto 2 Person","atwork",0,"atworktourmode2"
"8","Auto 2 Person","atwork",0,"atworktourmode2"
"9","Auto 2 Person","atwork",0,"atworktourmode2"
"1","Auto 3+ Person","atwork",51,"atworktourmode3"
"2","Auto 3+ Person","atwork",4,"atworktourmode3"
"3","Auto 3+ Person","atwork",2894,"atworktourmode3"
"4","Auto 3+ Person","atwork",128,"atworktourmode3"
"5","Auto 3+ Person","atwork",0,"atworktourmode3"
"6","Auto 3+ Person","atwork",0,"atworktourmode3"
"7","Auto 3+ Person","atwork",0,"atworktourmode3"
"8","Auto 3+ Person","atwork",0,"atworktourmode3"
"9","Auto 3+ Person","atwork",0,"atworktourmode3"
"1","Walk","atwork",0,"atworktourmode4"
"2","Walk","atwork",0,"atworktourmode4"
"3","Walk","atwork",0,"atworktourmode4"
"4","Walk","atwork",1042,"atworktourmode4"
"5","Walk","atwork",0,"atworktourmode4"
"6","Walk","atwork",0,"atworktourmode4"
"7","Walk","atwork",0,"atworktourmode4"
"8","Walk","atwork",0,"atworktourmode4"
"9","Walk","atwork",0,"atworktourmode4"
"1","Bike/Moped","atwork",0,"atworktourmode5"
"2","Bike/Moped","atwork",0,"atworktourmode5"
"3","Bike/Moped","atwork",0,"atworktourmode5"
"4","Bike/Moped","atwork",0,"atworktourmode5"
"5","Bike/Moped","atwork",224,"atworktourmode5"
"6","Bike/Moped","atwork",0,"atworktourmode5"
"7","Bike/Moped","atwork",0,"atworktourmode5"
"8","Bike/Moped","atwork",0,"atworktourmode5"
"9","Bike/Moped","atwork",0,"atworktourmode5"
"1","Walk-Transit","atwork",0,"atworktourmode6"
"2","Walk-Transit","atwork",0,"atworktourmode6"
"3","Walk-Transit","atwork",0,"atworktourmode6"
"4","Walk-Transit","atwork",0,"atworktourmode6"
"5","Walk-Transit","atwork",0,"atworktourmode6"
"6","Walk-Transit","atwork",18,"atworktourmode6"
"7","Walk-Transit","atwork",0,"atworktourmode6"
"8","Walk-Transit","atwork",0,"atworktourmode6"
"9","Walk-Transit","atwork",0,"atworktourmode6"
"1","PNR-Transit","atwork",0,"atworktourmode7"
"2","PNR-Transit","atwork",0,"atworktourmode7"
"3","PNR-Transit","atwork",0,"atworktourmode7"
"4","PNR-Transit","atwork",0,"atworktourmode7"
"5","PNR-Transit","atwork",0,"atworktourmode7"
"6","PNR-Transit","atwork",0,"atworktourmode7"
"7","PNR-Transit","atwork",0,"atworktourmode7"
"8","PNR-Transit","atwork",0,"atworktourmode7"
"9","PNR-Transit","atwork",0,"atworktourmode7"
"1","KNR-Transit","atwork",0,"atworktourmode8"
"2","KNR-Transit","atwork",0,"atworktourmode8"
"3","KNR-Transit","atwork",0,"atworktourmode8"
"4","KNR-Transit","atwork",0,"atworktourmode8"
"5","KNR-Transit","atwork",0,"atworktourmode8"
"6","KNR-Transit","atwork",0,"atworktourmode8"
"7","KNR-Transit","atwork",0,"atworktourmode8"
"8","KNR-Transit","atwork",0,"atworktourmode8"
"9","KNR-Transit","atwork",0,"atworktourmode8"
"1","School Bus","atwork",0,"atworktourmode9"
"2","School Bus","atwork",0,"atworktourmode9"
"3","School Bus","atwork",0,"atworktourmode9"
"4","School Bus","atwork",0,"atworktourmode9"
"5","School Bus","atwork",0,"atworktourmode9"
"6","School Bus","atwork",0,"atworktourmode9"
"7","School Bus","atwork",0,"atworktourmode9"
"8","School Bus","atwork",0,"atworktourmode9"
"9","School Bus","atwork",0,"atworktourmode9"
"1","Total","atwork",9270,"atworkTotal"
"2","Total","atwork",1777,"atworkTotal"
"3","Total","atwork",2894,"atworkTotal"
"4","Total","atwork",1275,"atworkTotal"
"5","Total","atwork",224,"atworkTotal"
"6","Total","atwork",18,"atworkTotal"
"7","Total","atwork",0,"atworkTotal"
"8","Total","atwork",0,"atworkTotal"
"9","Total","atwork",0,"atworkTotal"
"1","Auto SOV","total",405075,"totaltourmode1"
"2","Auto SOV","total",0,"totaltourmode1"
"3","Auto SOV","total",0,"totaltourmode1"
"4","Auto SOV","total",0,"totaltourmode1"
"5","Auto SOV","total",0,"totaltourmode1"
"6","Auto SOV","total",0,"totaltourmode1"
"7","Auto SOV","total",0,"totaltourmode1"
"8","Auto SOV","total",0,"totaltourmode1"
"9","Auto SOV","total",0,"totaltourmode1"
"1","Auto 2 Person","total",31543,"totaltourmode2"
"2","Auto 2 Person","total",162133,"totaltourmode2"
"3","Auto 2 Person","total",3603,"totaltourmode2"
"4","Auto 2 Person","total",2724,"totaltourmode2"
"5","Auto 2 Person","total",0,"totaltourmode2"
"6","Auto 2 Person","total",0,"totaltourmode2"
"7","Auto 2 Person","total",0,"totaltourmode2"
"8","Auto 2 Person","total",0,"totaltourmode2"
"9","Auto 2 Person","total",0,"totaltourmode2"
"1","Auto 3+ Person","total",7993,"totaltourmode3"
"2","Auto 3+ Person","total",23930,"totaltourmode3"
"3","Auto 3+ Person","total",95394,"totaltourmode3"
"4","Auto 3+ Person","total",1903,"totaltourmode3"
"5","Auto 3+ Person","total",0,"totaltourmode3"
"6","Auto 3+ Person","total",0,"totaltourmode3"
"7","Auto 3+ Person","total",0,"totaltourmode3"
"8","Auto 3+ Person","total",0,"totaltourmode3"
"9","Auto 3+ Person","total",0,"totaltourmode3"
"1","Walk","total",0,"totaltourmode4"
"2","Walk","total",1568,"totaltourmode4"
"3","Walk","total",485,"totaltourmode4"
"4","Walk","total",36129,"totaltourmode4"
"5","Walk","total",0,"totaltourmode4"
"6","Walk","total",0,"totaltourmode4"
"7","Walk","total",0,"totaltourmode4"
"8","Walk","total",0,"totaltourmode4"
"9","Walk","total",0,"totaltourmode4"
"1","Bike/Moped","total",0,"totaltourmode5"
"2","Bike/Moped","total",589,"totaltourmode5"
"3","Bike/Moped","total",164,"totaltourmode5"
"4","Bike/Moped","total",0,"totaltourmode5"
"5","Bike/Moped","total",12854,"totaltourmode5"
"6","Bike/Moped","total",0,"totaltourmode5"
"7","Bike/Moped","total",0,"totaltourmode5"
"8","Bike/Moped","total",0,"totaltourmode5"
"9","Bike/Moped","total",0,"totaltourmode5"
"1","Walk-Transit","total",0,"totaltourmode6"
"2","Walk-Transit","total",95,"totaltourmode6"
"3","Walk-Transit","total",9,"totaltourmode6"
"4","Walk-Transit","total",299,"totaltourmode6"
"5","Walk-Transit","total",0,"totaltourmode6"
"6","Walk-Transit","total",1018,"totaltourmode6"
"7","Walk-Transit","total",0,"totaltourmode6"
"8","Walk-Transit","total",0,"totaltourmode6"
"9","Walk-Transit","total",0,"totaltourmode6"
"1","PNR-Transit","total",0,"totaltourmode7"
"2","PNR-Transit","total",0,"totaltourmode7"
"3","PNR-Transit","total",0,"totaltourmode7"
"4","PNR-Transit","total",0,"totaltourmode7"
"5","PNR-Transit","total",0,"totaltourmode7"
"6","PNR-Transit","total",0,"totaltourmode7"
"7","PNR-Transit","total",2,"totaltourmode7"
"8","PNR-Transit","total",0,"totaltourmode7"
"9","PNR-Transit","total",0,"totaltourmode7"
"1","KNR-Transit","total",0,"totaltourmode8"
"2","KNR-Transit","total",1,"totaltourmode8"
"3","KNR-Transit","total",5,"totaltourmode8"
"4","KNR-Transit","total",0,"totaltourmode8"
"5","KNR-Transit","total",0,"totaltourmode8"
"6","KNR-Transit","total",0,"totaltourmode8"
"7","KNR-Transit","total",0,"totaltourmode8"
"8","KNR-Transit","total",0,"totaltourmode8"
"9","KNR-Transit","total",0,"totaltourmode8"
"1","School Bus","total",0,"totaltourmode9"
"2","School Bus","total",8017,"totaltourmode9"
"3","School Bus","total",3053,"totaltourmode9"
"4","School Bus","total",0,"totaltourmode9"
"5","School Bus","total",0,"totaltourmode9"
"6","School Bus","total",0,"totaltourmode9"
"7","School Bus","total",0,"totaltourmode9"
"8","School Bus","total",0,"totaltourmode9"
"9","School Bus","total",29551,"totaltourmode9"
"1","Total","total",444611,"totalTotal"
"2","Total","total",196333,"totalTotal"
"3","Total","total",102713,"totalTotal"
"4","Total","total",41055,"totalTotal"
"5","Total","total",12854,"totalTotal"
"6","Total","total",1018,"totalTotal"
"7","Total","total",2,"totalTotal"
"8","Total","total",0,"totalTotal"
"9","Total","total",29551,"totalTotal"
